Original Air Date,Season Number,Season Start,Season End
2009-08-09,1,2009-08-09,2010-02-05
2011-03-20,2,2011-03-20,2011-05-13
2012-01-20,3,2012-01-20,2012-05-18
2012-09-14,4,2012-09-14,2013-05-17
2013-09-20,5,2013-09-20,2014-05-16
2014-09-26,6,2014-09-26,2015-05-15
2015-09-25,7,2015-09-25,2016-05-20
2016-09-23,8,2016-09-23,2017-05-12
2017-10-01,9,2017-10-01,2018-02-25
2018-10-07,10,2018-10-07,2019-05-12
2019-09-29,11,2019-09-29,2020-05-15
2020-10-16,12,2020-10-16,2021-05-21
2021-10-08,13,2021-10-08,2022-05-20
2022-09-23,14,2022-09-23,2023-05-19
